t_secs,ts_wall,ts_sim,track,event_type,label
0.0,2026-01-17T03:07:54.223000,,user,feedback,read /users/ankushj/repos/orca-workspace/orca-utils/orca-scr...
42.215,2026-01-17T03:08:36.438000,,user,feedback,run through the warmup flow quickly. use it to get a sense o...
80.818,2026-01-17T03:09:15.041000,-1.0,app,resume,resume
85.876,2026-01-17T03:09:20.099000,31.0,app,pause,pause (ts=31)
114.102,2026-01-17T03:09:48.325000,,llm,flow_create,write: 0-probe-counts.yaml
114.285,2026-01-17T03:09:48.508000,,llm,completion,
123.849,2026-01-17T03:09:58.072000,34.0,app,flow_install,flow_install (ts=34)
130.826,2026-01-17T03:10:05.049000,34.0,app,resume,resume (ts=34)
139.781,2026-01-17T03:10:14.004000,83.0,app,pause,pause (ts=83)
167.216,2026-01-17T03:10:41.439000,,llm,polars,Analyze MPI collective probe counts
169.989,2026-01-17T03:10:44.212000,,llm,completion,
190.471,2026-01-17T03:11:04.694000,,llm,polars,Analyze Kokkos probe counts by frequency
197.743,2026-01-17T03:11:11.966000,,llm,completion,
236.702,2026-01-17T03:11:50.925000,,user,feedback,just disable the top 2 and we can move on
244.843,2026-01-17T03:11:59.066000,,llm,polars,Identify top probes for disabling
252.628,2026-01-17T03:12:06.851000,,llm,completion,
259.832,2026-01-17T03:12:14.055000,84.0,app,disable_probe,disable_probe (ts=84)
260.791,2026-01-17T03:12:15.014000,84.0,app,disable_probe,disable_probe (ts=84)
272.613,2026-01-17T03:12:26.836000,,user,feedback,start the final exercise
301.252,2026-01-17T03:12:55.475000,,llm,flow_create,write: 1-baseline-collectives.yaml
301.365,2026-01-17T03:12:55.588000,,llm,completion,
307.813,2026-01-17T03:13:02.036000,84.0,app,flow_install,flow_install (ts=84)
325.839,2026-01-17T03:13:20.062000,84.0,app,resume,resume (ts=84)
356.781,2026-01-17T03:13:51.004000,277.0,app,pause,pause (ts=277)
384.398,2026-01-17T03:14:18.621000,,llm,polars,Analyze per-rank collective timing stats
387.28,2026-01-17T03:14:21.503000,,llm,completion,
407.056,2026-01-17T03:14:41.279000,,llm,polars,Compute straggler spread across collectives
412.581,2026-01-17T03:14:46.804000,,llm,completion,
432.309,2026-01-17T03:15:06.532000,,llm,polars,Identify collectives with high spread
434.974,2026-01-17T03:15:09.197000,,llm,completion,
449.432,2026-01-17T03:15:23.655000,,llm,polars,Drill into anomalous timesteps
452.368,2026-01-17T03:15:26.591000,,llm,completion,
466.903,2026-01-17T03:15:41.126000,,llm,flow_create,write: 2-straggler-hunt.yaml
467.009,2026-01-17T03:15:41.232000,,llm,completion,
473.85,2026-01-17T03:15:48.073000,278.0,app,flow_install,flow_install (ts=278)
480.781,2026-01-17T03:15:55.004000,278.0,app,resume,resume (ts=278)
510.818,2026-01-17T03:16:25.041000,465.0,app,pause,pause (ts=465)
525.536,2026-01-17T03:16:39.759000,,llm,polars,Load slow Kokkos events (>1ms)
540.015,2026-01-17T03:16:54.238000,,llm,completion,
573.005,2026-01-17T03:17:27.228000,,llm,polars,Correlate Kokkos events with MPI stalls
579.116,2026-01-17T03:17:33.339000,,llm,completion,
609.322,2026-01-17T03:18:03.545000,,llm,polars,Analyze patterns during straggler timesteps
613.963,2026-01-17T03:18:08.186000,,llm,completion,
634.514,2026-01-17T03:18:28.737000,,llm,polars,Identify BuildAndPost::Clear correlation
637.833,2026-01-17T03:18:32.056000,,llm,completion,
660.128,2026-01-17T03:18:54.351000,,llm,code_search,search: BuildAndPost
662.496,2026-01-17T03:18:56.719000,,llm,completion,
682.362,2026-01-17T03:19:16.585000,,llm,code_search,search: boundary_comm_map
682.475,2026-01-17T03:19:16.698000,,llm,completion,
722.553,2026-01-17T03:19:56.776000,,llm,polars,Analyze buffer clear counts
726.004,2026-01-17T03:20:00.227000,,llm,completion,
749.946,2026-01-17T03:20:24.169000,,llm,polars,Correlate clears with mesh redistribution
754.072,2026-01-17T03:20:28.295000,,llm,completion,
775.837,2026-01-17T03:20:50.060000,,llm,polars,Identify rank 2847 anomaly
800.618,2026-01-17T03:21:14.841000,,llm,completion,
825.178,2026-01-17T03:21:39.401000,,llm,polars,Analyze RedistributeAndRefineMeshBlocks
831.325,2026-01-17T03:21:45.548000,,llm,completion,
856.657,2026-01-17T03:22:10.880000,,llm,polars,Compare BuildAndPost::Clear across ranks
866.206,2026-01-17T03:22:20.429000,,llm,completion,
883.664,2026-01-17T03:22:37.887000,,llm,polars,Analyze MPI message patterns
892.787,2026-01-17T03:22:47.010000,,llm,completion,
918.326,2026-01-17T03:23:12.549000,,llm,polars,Correlate buffer counts with wait times
922.398,2026-01-17T03:23:16.621000,,llm,completion,
939.447,2026-01-17T03:23:33.670000,,llm,polars,Identify causal chain
944.242,2026-01-17T03:23:38.465000,,llm,completion,
1042.191,2026-01-17T03:25:16.414000,,user,feedback,this is an incomplete explanation. how can a map clear be ex...
1050.265,2026-01-17T03:25:24.488000,,llm,code_search,search: class CommBuffer
1050.418,2026-01-17T03:25:24.641000,,llm,completion,
1053.611,2026-01-17T03:25:27.834000,,llm,code_read,read: communication_buffer.hpp
1053.714,2026-01-17T03:25:27.937000,,llm,completion,
1057.32,2026-01-17T03:25:31.543000,,llm,code_read,read: communication_buffer.cpp
1057.43,2026-01-17T03:25:31.653000,,llm,completion,
1095.891,2026-01-17T03:26:10.114000,,llm,polars,Verify hypothesis with wait correlation
1099.992,2026-01-17T03:26:14.215000,,llm,completion,
1177.029,2026-01-17T03:27:31.252000,,user,feedback,but can you prove this somehow using ORCA?
1191.968,2026-01-17T03:27:46.191000,,llm,flow_create,write: 3-mpi-wait-hunt.yaml
1192.08,2026-01-17T03:27:46.303000,,llm,completion,
1221.102,2026-01-17T03:28:15.325000,,user,feedback,are you going to capture ALL MPI waits? is that the smartest...
1235.68,2026-01-17T03:28:29.903000,,llm,flow_create,write: 3-mpi-wait-stats.yaml
1235.763,2026-01-17T03:28:29.986000,,llm,completion,
1243.822,2026-01-17T03:28:38.045000,466.0,app,flow_install,flow_install (ts=466)
1250.825,2026-01-17T03:28:45.048000,466.0,app,resume,resume (ts=466)
1280.863,2026-01-17T03:29:15.086000,657.0,app,pause,pause (ts=657)
1302.184,2026-01-17T03:29:36.407000,,llm,polars,Analyze MPI wait statistics
1308.306,2026-01-17T03:29:42.529000,,llm,completion,
1330.787,2026-01-17T03:30:05.010000,,llm,polars,Correlate waits with identified ranks
1335.185,2026-01-17T03:30:09.408000,,llm,completion,
1407.059,2026-01-17T03:31:21.282000,,user,feedback,This session is being continued from a previous conversation...
1477.173,2026-01-17T03:32:31.396000,,user,feedback,can you provide a complete control flow leading to the offen...
1484.975,2026-01-17T03:32:39.198000,,llm,code_search,search: LoadBalancingAndAdaptiveMeshRe
1485.556,2026-01-17T03:32:39.779000,,llm,code_search,search: RedistributeAndRefineMeshBlock
1487.821,2026-01-17T03:32:42.044000,,llm,completion,
1487.965,2026-01-17T03:32:42.188000,,llm,completion,
1491.89,2026-01-17T03:32:46.113000,,llm,code_search,search: LoadBalancingAndAdaptiveMeshRe
1493.048,2026-01-17T03:32:47.271000,,llm,code_search,search: LoadBalancingAndAdaptiveMeshRe
1493.193,2026-01-17T03:32:47.416000,,llm,completion,
1493.201,2026-01-17T03:32:47.424000,,llm,completion,
1497.314,2026-01-17T03:32:51.537000,,llm,code_search,search: RedistributeAndRefineMeshBlock
1497.455,2026-01-17T03:32:51.678000,,llm,completion,
1502.583,2026-01-17T03:32:56.806000,,llm,code_search,search: Initialize\(
1502.729,2026-01-17T03:32:56.952000,,llm,completion,
1506.939,2026-01-17T03:33:01.162000,,llm,code_search,search: BuildAndPost|ClearCommBuffers
1507.085,2026-01-17T03:33:01.308000,,llm,completion,
1510.497,2026-01-17T03:33:04.720000,,llm,code_read,read: communication_buffer.cpp
1510.63,2026-01-17T03:33:04.853000,,llm,completion,
1559.432,2026-01-17T03:33:53.655000,,user,feedback,can you write this to the analysis doc
1605.566,2026-01-17T03:34:39.789000,,user,feedback,please add the current time as the time of completion of thi...
